image,video_pred,minutage_pred,evaluation
i000,v001,0.583333,TP
i001,v050,16.933583,TP
i002,out,,TN
i003,v042,17.250567,TP
i004,v075,1.92,TP
i005,v048,2.6,TP
i006,v042,4.838167,TP
i007,v021,13.72,TP
i008,out,,TN
i009,v064,9.4094,TP
i010,v059,9.366667,TP
i011,v001,0.166667,TP
i012,v062,11.48,TP
i013,v016,4.337667,TP
i014,v089,7.8,TP
i015,v061,0.625625,FP
i016,v094,6.940267,TP
i017,v010,8.8,TP
i018,v081,2.466667,TP
i019,v041,9.050708,TP
i020,v048,2.08,TP
i021,v022,8.883875,TP
i022,v044,0,FP
i023,v070,24.44,TP
i024,v018,11.177833,TP
i025,v079,7.2,TP
i026,v019,3.461792,TP
i027,v060,10.343667,TP
i028,v009,6.48,FP
i029,v048,2.32,TP
i030,v012,9.009,TP
i031,v008,6.4,TP
i032,v022,3.878875,TP
i033,v010,3.64,TP
i034,v048,2.56,TP
i035,v076,7.433333,TP
i036,v032,3.837167,TP
i037,v077,4.337667,TP
i038,v079,2.88,TP
i039,v008,2.8,TP
i040,v046,3.7037,TP
i041,v030,0,FP
i042,v056,10.643967,TP
i043,v034,0.667333,TP
i044,v008,14.24,TP
i045,v006,0.733333,TP
i046,v024,16.1161,TP
i047,v026,11.56,TP
i048,v038,8.375033,TP
i049,v062,7.96,TP
i050,v042,9.075733,TP
i051,v064,2.235567,TP
i052,v028,3.2032,TP
i053,v080,16.282933,TP
i054,v065,7.048708,TP
i055,out,,FN
i056,v082,0,FP
i057,v030,11.44,TP
i058,out,,TN
i059,v046,0,FP
i060,v056,17.3173,TP
i061,v076,8.266667,TP
i062,v024,8.008,TP
i063,v095,3.72,TP
i064,out,,TN
i065,v024,13.546867,TP
i066,v019,1.543208,TP
i067,v066,0,FP
i068,v090,2.135467,TP
i069,v013,9.384375,TP
i070,v027,3.366667,TP
i071,v039,9.75975,TP
i072,v100,10.0,TP
i073,v086,2.76,TP
i074,v065,13.555208,TP
i075,v078,18.059708,TP
i076,v070,23.28,TP
i077,v024,1.2012,TP
i078,v008,10.2,TP
i079,v075,10.36,TP
i080,v015,15.12,TP
i081,v017,3.9,TP
i082,out,,TN
i083,v077,18.1181,TP
i084,v073,7.132125,TP
i085,v026,5.44,TP
i086,v040,8.92,TP
i087,v044,0,FP
i088,v012,0,FP
i089,out,,TN
i090,v089,17.68,TP
i091,v044,0,FP
i092,v087,19.24,TP
i093,v093,4.738067,TP
i094,v030,14.76,TP
i095,out,,TN
i096,v033,7.340667,TP
i097,v055,4.75475,TP
i098,v068,5.36,TP
i099,v055,1.292958,TP
i100,v009,6.6,TP
i101,v044,0,FP
i102,v091,10.677333,TP
i103,v081,1.116667,TP
i104,v025,0.2,TP
i105,v054,0,FP
i106,v012,11.26125,TP
i107,v040,4.64,TP
i108,out,,TN
i109,out,,TN
i110,v011,15.125,TP
i111,v084,5.8,TP
i112,v047,8.174833,TP
i113,v068,4.08,TP
i114,v082,4.938267,TP
i115,v040,0,FP
i116,v071,1.368033,TP
i117,v001,0.916667,TP
i118,v100,2.916667,TP
i119,v050,2.5025,TP
i120,v086,1.04,TP
i121,v025,5.48,TP
i122,v042,10.243567,TP
i123,v077,3.036367,TP
i124,v058,16.733333,TP
i125,v005,0.0,TP
i126,v077,0.1001,TP
i127,v065,8.883875,TP
i128,v051,6.4,TP
i129,v005,11.444767,TP
i130,v072,14.2142,TP
i131,v065,2.961292,TP
i132,v056,8.6086,TP
i133,v058,10.533333,TP
i134,v054,0,FP
i135,v057,7.44,TP
i136,v033,4.771433,TP
i137,v080,0,FP
i138,v099,0,FP
i139,v075,12.72,TP
i140,v049,2.435767,TP
i141,v043,0,FP
i142,v070,3.6,TP
i143,v098,4.2,TP
i144,v090,6.039367,TP
i145,v003,0.1001,TP
i146,v017,0.1,TP
i147,v082,1.85185,FP
i148,v095,14.56,TP
i149,v099,6.733333,TP
i150,v024,6.339667,TP
i151,v051,0.666667,TP
i152,v023,3.8038,TP
i153,out,,TN
i154,v053,14.6,TP
i155,v034,4.045708,TP
i156,out,,TN
i157,v030,4.84,TP
i158,v036,6.433333,TP
i159,v080,2.3023,TP
i160,v007,0,FP
i161,v025,0.2,TP
i162,out,,TN
i163,v030,1.32,TP
i164,v067,4.571233,TP
i165,out,,TN
i166,v097,5.088417,TP
i167,v042,3.9039,TP
i168,v051,3.166667,TP
i169,v049,7.2072,TP
i170,v082,0,FP
i171,v087,9.2,TP
i172,v072,4.137467,TP
i173,v076,7.933333,TP
i174,out,,TN
i175,v067,7.140467,TP
i176,v067,5.038367,TP
i177,v052,1.418083,TP
i178,v045,19.48,TP
i179,v013,13.805458,TP
i180,v032,3.837167,TP
i181,v056,12.8128,TP
i182,v016,6.573233,TP
i183,v026,8.12,TP
i184,v091,0,FP
i185,v013,0.709042,TP
i186,v029,9.133333,TP
i187,v072,7.9079,TP
i188,v041,20.061708,TP
i189,v078,19.894875,TP
i190,v061,0,FP
i191,v015,3.72,TP
i192,out,,TN
i193,v034,6.006,TP
i194,v030,0,FP
i195,v082,2.335667,TP
i196,v046,8.742067,TP
i197,v079,10.12,TP
i198,v100,7.75,TP
i199,v039,1.292958,TP
i200,v034,24.024,TP
i201,v041,21.5215,TP
i202,v015,8.32,TP
i203,v001,10.25,TP
i204,out,,TN
i205,v053,4.52,TP
i206,v078,10.051708,TP
i207,v058,3.5,TP
i208,v048,10.6,TP
i209,out,,TN
i210,v059,5.7,TP
i211,v010,13.48,TP
i212,v049,14.981633,TP
i213,v009,10.84,TP
i214,v012,0,FP
i215,v071,5.1051,TP
i216,out,,TN
i217,v030,0,FP
i218,v079,2.88,TP
i219,v080,0,FP
i220,v019,16.599917,TP
i221,v002,11.25,TP
i222,v017,4.533333,TP
i223,v052,0,FP
i224,v062,0.68,TP
i225,v031,3.68,TP
i226,v089,13.72,TP
i227,v093,1.067733,TP
i228,v036,0.833333,TP
i229,v012,10.802458,TP
i230,out,,TN
i231,v016,0,FP
i232,v066,5.933333,TP
i233,v084,11.52,TP
i234,v004,5.32,TP
i235,v044,0,FP
i236,v007,14.280933,TP
i237,v003,0.4004,TP
i238,v061,0,FP
i239,v094,12.479133,TP
i240,v032,4.9049,TP
i241,v091,9.7097,TP
i242,v019,13.805458,TP
i243,v044,0,FP
i244,v046,3.837167,TP
i245,v040,1.84,TP
i246,v037,8.2,TP
i247,v065,1.25125,TP
i248,v006,5.133333,TP
i249,v023,1.234567,TP
i250,v020,7.28,TP
i251,v033,11.1111,TP
i252,v055,8.675333,TP
i253,v089,4.52,TP
i254,v041,0.375375,TP
i255,v043,0,FP
i256,v054,5.6056,TP
i257,v062,0,FP
i258,v058,0.033333,TP
i259,v074,9.433333,TP
i260,v064,2.936267,TP
i261,v072,0,FP
i262,v076,10.1,TP
i263,v023,5.338667,TP
i264,v085,0.125125,TP
i265,v012,0,FP
i266,v099,0,FP
i267,v043,0,FP
i268,v092,17.951267,TP
i269,v004,0,FP
i270,v010,3.48,TP
i271,v061,0,FP
i272,out,,TN
i273,v012,0,FP
i274,v091,2.168833,TP
i275,v018,11.886875,TP
i276,v007,0,FP
i277,v034,23.314958,TP
i278,v038,7.040367,TP
i279,v045,0.0,TP
i280,v061,0,FP
i281,v077,3.937267,TP
i282,v072,6.339667,TP
i283,v020,2.68,TP
i284,v024,20.02,TP
i285,v099,0,FP
i286,out,,TN
i287,v069,6.12,TP
i288,out,,TN
i289,v075,10.44,TP
i290,v050,14.806458,TP
i291,out,,TN
i292,v081,5.366667,TP
i293,v062,0,FP
i294,v074,2.5,TP
i295,v048,3.52,TP
i296,v006,7.233333,TP
i297,v029,4.233333,TP
i298,v035,4.045708,TP
i299,out,,TN
i300,out,,FN
i301,v057,2.2,TP
i302,v034,8.967292,TP
i303,v011,18.5,TP
i304,v094,10.477133,TP
i305,out,,TN
i306,out,,TN
i307,v050,7.841167,TP
i308,v008,19.16,TP
i309,v063,4.070733,TP
i310,v062,10.96,TP
i311,out,,TN
i312,v083,4.045708,TP
i313,v014,7.583333,TP
i314,v022,3.878875,TP
i315,v031,0.92,TP
i316,v032,17.3173,TP
i317,v080,13.847167,TP
i318,v061,0,FP
i319,v064,10.176833,TP
i320,v066,10.166667,TP
i321,out,,TN
i322,v057,16.64,TP
i323,v009,14.08,TP
i324,v062,4.8,TP
i325,v062,0,FP
i326,v057,9.56,TP
i327,v044,0,FP
i328,v023,11.745067,TP
i329,v003,5.9059,TP
i330,v080,14.981633,TP
i331,v082,1.067733,TP
i332,v028,3.5035,TP
i333,v028,3.370033,TP
i334,out,,TN
i335,v044,4.28,TP
i336,v027,1.1,TP
i337,v051,9.0,TP
i338,v077,19.986633,TP
i339,v042,10.9109,TP
i340,v064,14.481133,TP
i341,v044,3.08,TP
i342,v053,0.64,TP
i343,v078,19.894875,TP
i344,v043,2.669333,TP
i345,v016,2.7027,TP
i346,v018,11.177833,TP
i347,v047,1.334667,TP
i348,v029,6.266667,TP
i349,v013,9.884875,TP
i350,v038,1.968633,TP
i351,v011,3.416667,TP
i352,v024,16.1161,TP
i353,v043,6.840167,TP
i354,v011,10.5,TP
i355,v092,20.053367,TP
i356,v050,5.25525,TP
i357,v061,0,FP
i358,v090,0.1001,TP
i359,v053,14.6,TP
i360,v083,12.012,TP
i361,v033,2.635967,TP
i362,v044,0,FP
i363,v017,8.366667,TP
i364,out,,TN
i365,v066,8.5,TP
i366,out,,TN
i367,v067,4.9049,TP
i368,v024,4.471133,TP
i369,v008,9.32,TP
i370,v063,3.370033,TP
i371,v063,8.942267,TP
i372,v036,2.966667,TP
i373,v096,9.976633,TP
i374,v031,3.72,TP
i375,v067,17.9179,TP
i376,v021,11.56,TP
i377,v062,0,FP
i378,v064,5.739067,TP
i379,v007,0,FP
i380,v061,6.297958,TP
i381,v075,10.44,TP
i382,v034,23.314958,TP
i383,v076,7.9,TP
i384,v087,10.8,TP
i385,v069,9.12,TP
i386,v030,0,FP
i387,v061,0.083417,TP
i388,v002,8.375,TP
i389,v032,3.837167,TP
i390,v001,4.083333,TP
i391,v087,24.32,TP
i392,v068,7.04,TP
i393,v071,2.6026,TP
i394,out,,TN
i395,v066,13.533333,TP
i396,out,,FN
i397,out,,TN
i398,v096,0.133467,TP
i399,v019,22.313958,TP
i400,v099,0,FP
i401,v056,3.003,TP
i402,v082,1.918583,TP
i403,v058,18.966667,TP
i404,out,,FN
i405,v068,0.16,TP
i406,v092,17.7177,TP
i407,v087,5.08,TP
i408,v075,8.16,TP
i409,v066,2.333333,TP
i410,v029,12.833333,TP
i411,v017,0,FP
i412,v099,3.866667,TP
i413,v049,2.736067,TP
i414,v011,6.458333,TP
i415,v085,6.131125,TP
i416,v019,5.797458,TP
i417,v093,2.068733,TP
i418,v012,11.678333,TP
i419,v048,17.8,TP
i420,v007,13.546867,TP
i421,v058,10.866667,TP
i422,v031,0.0,TP
i423,v033,9.376033,TP
i424,v027,9.466667,TP
i425,v028,3.570233,TP
i426,v058,17.966667,TP
i427,v072,12.846167,TP
i428,v011,13.25,TP
i429,v012,0,FP
i430,v043,0,FP
i431,v072,1.034367,TP
i432,out,,TN
i433,v038,7.073733,TP
i434,v060,3.378375,TP
i435,v004,1.04,TP
i436,v074,8.866667,TP
i437,out,,TN
i438,v065,4.921583,TP
i439,v008,5.16,TP
i440,v087,15.08,TP
i441,v011,3.875,TP
i442,out,,TN
i443,v027,10.166667,TP
i444,v002,9.416667,TP
i445,out,,TN
i446,v099,4.166667,TP
i447,v073,3.169833,TP
i448,v075,8.76,TP
i449,v004,0,FP
i450,out,,FN
i451,v016,2.068733,TP
i452,out,,TN
i453,v044,0,FP
i454,v077,0.166833,TP
i455,v009,12.72,TP
i456,v059,2.533333,TP
i457,v020,4.88,TP
i458,v015,5.48,TP
i459,v028,3.370033,TP
i460,v082,0.417083,TP
i461,v095,7.64,TP
i462,v080,9.943267,TP
i463,v032,17.650967,TP
i464,v031,11.32,TP
i465,v045,14.64,TP
i466,out,,TN
i467,v099,3.866667,TP
i468,v016,9.075733,TP
i469,v014,4.166667,TP
i470,v028,3.3033,TP
i471,v014,2.666667,TP
i472,v096,4.971633,TP
i473,v099,5.166667,TP
i474,v007,9.843167,TP
i475,v007,0,FP
i476,v046,0.066733,TP
i477,v021,8.92,TP
i478,v079,12.52,TP
i479,v044,0,FP
i480,v095,16.12,TP
i481,v032,1.134467,TP
i482,v040,10.28,TP
i483,v066,0,FP
i484,v074,0,FP
i485,v070,13.96,TP
i486,v086,2.08,TP
i487,v012,0,FP
i488,v070,15.24,TP
i489,v081,5.983333,TP
i490,v094,12.479133,TP
i491,v076,17.033333,TP
i492,v021,15.12,TP
i493,v002,6.875,TP
i494,v023,4.671333,TP
i495,v010,19.76,TP
i496,v034,13.304958,TP
i497,out,,TN
i498,out,,TN
i499,v092,17.884533,TP
i500,v060,10.969292,TP
i501,out,,TN
i502,v007,12.445767,TP
i503,out,,TN
i504,v060,11.469792,TP
i505,v002,4.958333,TP
i506,v091,11.478133,TP
i507,v033,8.3083,TP
i508,out,,TN
i509,v045,2.64,TP
i510,v007,1.167833,TP
i511,v005,4.738067,TP
i512,v043,0,FP
i513,v063,5.7057,TP
i514,v045,11.88,TP
i515,v057,12.88,TP
i516,v054,1.768433,TP
i517,v032,4.9049,TP
i518,v056,2.369033,TP
i519,v018,14.5145,TP
i520,v074,4.333333,TP
i521,v007,9.2092,TP
i522,v048,0.64,TP
i523,v083,6.381375,TP
i524,v010,6.2,TP
i525,v011,9.458333,TP
i526,v041,20.186833,TP
i527,v036,0.9,TP
i528,v070,21.04,TP
i529,v066,0,FP
i530,v014,12.875,TP
i531,v061,2.210542,TP
i532,v092,17.951267,TP
i533,v094,3.003,TP
i534,v057,15.0,TP
i535,v060,2.877875,TP
i536,v015,0.32,TP
i537,v006,2.233333,TP
i538,v032,17.350667,TP
i539,v050,11.636625,TP
i540,v017,6.933333,TP
i541,v072,16.8168,TP
i542,v087,20.32,TP
i543,v035,3.128125,TP
i544,v009,9.6,TP
i545,v096,14.647967,TP
i546,v058,19.033333,TP
i547,v017,2.633333,TP
i548,v019,23.690333,TP
i549,v058,17.866667,TP
i550,v049,7.440767,TP
i551,v061,0,FP
i552,v032,19.786433,TP
i553,v071,5.1051,TP
i554,v080,16.649967,TP
i555,v028,10.443767,TP
i556,v090,3.837167,TP
i557,v078,15.432083,TP
i558,v072,11.544867,TP
i559,v012,0,FP
i560,v069,0.44,TP
i561,v030,0,FP
i562,v015,6.72,TP
i563,v096,0,FP
i564,v080,11.9119,TP
i565,v066,12.266667,TP
i566,v015,12.08,TP
i567,v009,0,FP
i568,v029,11.633333,TP
i569,v084,10.12,TP
i570,v050,7.173833,TP
i571,out,,TN
i572,v078,18.059708,TP
i573,v096,0.667333,TP
i574,v060,7.590917,TP
i575,v041,9.342667,TP
i576,v069,0.0,FP
i577,out,,TN
i578,v076,1.366667,TP
i579,v024,15.382033,TP
i580,v042,0.166833,TP
i581,v041,10.051708,TP
i582,v099,0,FP
i583,v048,7.8,TP
i584,v007,7.140467,TP
i585,v095,10.92,TP
i586,v050,2.043708,TP
i587,v062,5.28,FP
i588,v052,0,FP
i589,v076,1.333333,TP
i590,v046,7.273933,TP
i591,v082,2.1021,FP
i592,v020,0.4,TP
i593,v070,10.48,TP
i594,v024,7.674333,TP
i595,v016,0,FP
i596,v078,2.919583,TP
i597,v057,2.88,TP
i598,v094,8.041367,TP
i599,v084,1.56,TP
i600,out,,TN
i601,v054,7.540867,TP
i602,v085,3.128125,TP
i603,v007,5.438767,TP
i604,v019,18.476792,TP
i605,v081,0.516667,TP
i606,v018,11.177833,TP
i607,v019,19.227542,TP
i608,v039,4.629625,TP
i609,v097,1.918583,TP
i610,v040,9.36,TP
i611,v008,0.44,TP
i612,v064,6.539867,TP
i613,v057,1.0,TP
i614,v056,11.2112,TP
i615,v007,9.042367,TP
i616,v049,1.868533,TP
i617,v057,11.72,TP
i618,v019,8.591917,TP
i619,v006,4.333333,TP
i620,v092,17.884533,TP
i621,v008,17.04,FP
i622,v096,7.574233,TP
i623,out,,TN
i624,v006,4.6,TP
i625,v029,6.9,TP
i626,v079,9.0,TP
i627,v009,6.6,TP
i628,v007,11.9119,TP
i629,v036,8.633333,TP
i630,v059,0.633333,TP
i631,v038,7.374033,TP
i632,v004,7.32,TP
i633,v099,0,FP
i634,v024,10.1101,TP
i635,v021,4.0,TP
i636,v078,19.644625,TP
i637,v076,2.6,TP
i638,v042,6.172833,TP
i639,v035,3.795458,TP
i640,v092,20.053367,TP
i641,v075,1.04,TP
i642,v094,10.577233,TP
i643,v091,11.745067,TP
i644,v019,2.085417,TP
i645,out,,TN
i646,v095,6.48,TP
i647,v070,16.8,TP
i648,v030,6.68,TP
i649,v056,3.570233,TP
i650,v049,10.343667,TP
i651,out,,TN
i652,v069,0.04,TP
i653,v023,9.676333,TP
i654,v050,18.977292,TP
i655,v037,3.7,TP
i656,v044,6.04,TP
i657,v052,5.964292,TP
i658,v016,10.343667,TP
i659,v097,2.335667,TP
i660,out,,TN
i661,v034,8.633625,TP
i662,v008,17.56,TP
i663,v095,1.64,TP
i664,v014,4.25,TP
i665,v038,9.642967,TP
i666,v092,5.038367,TP
i667,v044,8.88,TP
i668,out,,TN
i669,v070,17.8,TP
i670,v042,17.384033,TP
i671,out,,FN
i672,v058,4.766667,TP
i673,out,,TN
i674,v068,13.52,TP
i675,v077,14.748067,TP
i676,v044,0,FP
i677,v021,16.88,TP
i678,v096,14.6146,TP
i679,v080,0,FP
i680,v042,17.484133,TP
i681,v082,3.1031,TP
i682,v080,10.043367,TP
i683,v088,1.4,TP
i684,v092,6.840167,TP
i685,v053,15.92,TP
i686,v041,18.810458,TP
i687,v030,0,FP
i688,v054,0,FP
i689,v080,0,FP
i690,v069,8.16,TP
i691,v045,10.68,TP
i692,v030,0,FP
i693,v030,16.64,TP
i694,v004,3.12,TP
i695,v054,4.437767,TP
i696,v050,21.146125,TP
i697,v056,13.980633,TP
i698,v007,2.669333,TP
i699,v062,8.32,TP
i700,v044,0,FP
i701,v037,1.766667,TP
i702,v053,5.56,TP
i703,v056,9.8098,TP
i704,v042,14.781433,TP
i705,v064,0.0,TP
i706,v034,1.918583,TP
i707,v044,0,FP
i708,v055,3.420083,TP
i709,v076,0,FP
i710,v100,0.0,TP
i711,v067,16.049367,TP
i712,v045,7.8,TP
i713,v085,4.25425,TP
i714,v051,5.666667,TP
i715,v076,19.766667,TP
i716,v016,0,FP
i717,v092,20.553867,FP
i718,v072,15.281933,TP
i719,v077,19.4194,TP
i720,v063,0,FP
i721,v070,1.8,TP
i722,v076,19.233333,TP
i723,v047,0.834167,TP
i724,v026,4.76,TP
i725,v039,2.293958,TP
i726,v088,6.56,TP
i727,v054,0,FP
i728,v058,8.133333,TP
i729,v001,8.0,TP
i730,v052,0,FP
i731,v070,6.44,TP
i732,v021,5.8,TP
i733,v044,10.48,TP
i734,out,,TN
i735,v071,8.341667,TP
i736,out,,TN
i737,v081,5.233333,TP
i738,v043,10.343667,TP
i739,v039,7.75775,TP
i740,v043,9.718042,TP
i741,v044,0,FP
i742,v042,10.9109,TP
i743,out,,FN
i744,v073,4.796458,TP
i745,v097,4.045708,TP
i746,v077,7.640967,TP
i747,v020,3.16,TP
i748,v032,2.869533,TP
i749,v030,0,FP
i750,v029,1.033333,TP
i751,v099,0.033333,TP
i752,out,,TN
i753,v018,11.177833,TP
i754,v066,7.3,TP
i755,v089,14.56,TP
i756,v089,9.92,TP
i757,v084,6.6,TP
i758,v057,12.96,TP
i759,v056,7.073733,TP
i760,v059,3.7,TP
i761,v007,0,FP
i762,v078,15.557208,TP
i763,v037,6.433333,TP
i764,v079,2.84,TP
i765,v063,1.234567,TP
i766,out,,TN
i767,v098,6.64,TP
i768,v071,8.174833,TP
i769,v007,0,FP
i770,v066,4.633333,TP
i771,v090,2.869533,TP
i772,v010,0.44,TP
i773,v096,11.5115,TP
i774,out,,TN
i775,v010,17.28,TP
i776,v082,0,FP
i777,out,,TN
i778,v093,4.8048,TP
i779,v013,4.212542,TP
i780,v052,0,FP
i781,v026,2.4,TP
i782,v012,2.210542,FP
i783,v020,10.08,TP
i784,v043,0,FP
i785,v005,1.001,TP
i786,v031,0.92,TP
i787,v074,0.8,TP
i788,v087,11.44,TP
i789,v067,4.971633,TP
i790,v066,0,FP
i791,v022,8.925583,TP
i792,out,,TN
i793,v024,10.977633,TP
i794,v013,13.054708,TP
i795,v066,0,FP
i796,v068,10.28,TP
i797,v043,6.673333,TP
i798,v035,1.626625,TP
i799,v059,8.233333,TP
i800,v100,13.166667,TP
i801,v052,7.966292,TP
i802,v083,7.048708,TP
i803,v077,10.477133,TP
i804,v029,5.333333,TP
i805,v074,1.133333,TP
i806,v061,0,FP
i807,v061,7.716042,TP
i808,v064,6.4064,TP
i809,v089,0.88,TP
i810,v056,12.345667,TP
i811,v083,2.377375,TP
i812,v041,12.012,TP
i813,v065,10.218542,TP
i814,out,,TN
i815,v009,0,FP
i816,v096,4.270933,TP
i817,v030,0,FP
i818,v027,5.633333,TP
i819,v043,0,FP
i820,v041,15.015,TP
i821,v015,1.84,TP
i822,v062,0,FP
i823,v048,3.08,TP
i824,v080,12.012,TP
i825,v078,18.059708,TP
i826,v016,1.6016,TP
i827,v012,2.168833,FP
i828,v027,8.533333,TP
i829,v036,5.1,TP
i830,v061,0,FP
i831,v018,14.5145,TP
i832,v091,4.2042,TP
i833,v044,0,FP
i834,v087,16.12,TP
i835,v013,0.291958,TP
i836,v069,9.12,TP
i837,v080,6.740067,TP
i838,v068,0.76,TP
i839,out,,TN
i840,v034,9.843167,TP
i841,v017,0,FP
i842,out,,TN
i843,v012,0,FP
i844,v062,0,FP
i845,v026,9.6,TP
i846,v083,1.042708,TP
i847,out,,FN
i848,v053,10.12,TP
i849,out,,TN
i850,v066,0.8,TP
i851,out,,FN
i852,v099,5.366667,TP
i853,v025,9.12,TP
i854,v058,1.133333,TP
i855,v049,5.672333,TP
i856,v030,10.08,TP
i857,v075,1.12,TP
i858,v004,8.88,TP
i859,v007,0,FP
i860,v098,7.8,TP
i861,v007,18.885533,TP
i862,v099,0,FP
i863,v043,8.466792,TP
i864,v083,6.548208,TP
i865,v068,15.2,TP
i866,v048,7.12,TP
i867,v047,2.3023,TP
i868,v088,0,FP
i869,v062,0,FP
i870,v099,0,FP
i871,v016,3.003,FP
i872,v021,12.08,TP
i873,v070,8.4,TP
i874,v045,5.48,TP
i875,v029,2.366667,TP
i876,v096,6.639967,TP
i877,v080,0,FP
i878,v023,10.3103,TP
i879,v069,6.12,TP
i880,v034,9.175833,TP
i881,v067,1.735067,TP
i882,v096,8.641967,TP
i883,v058,2.233333,TP
i884,v088,3.08,TP
i885,out,,TN
i886,v082,3.95395,TP
i887,v013,5.463792,TP
i888,v019,0,FP
i889,v084,10.8,TP
i890,v011,1.041667,TP
i891,v005,1.4014,TP
i892,v008,13.2,TP
i893,v021,8.48,TP
i894,v016,5.472133,TP
i895,v099,0,FP
i896,v017,3.133333,TP
i897,v010,18.72,TP
i898,v087,5.44,TP
i899,v045,15.92,TP
i900,v051,7.066667,TP
i901,v076,12.433333,TP
i902,v012,0,FP
i903,v062,0,FP
i904,v007,15.582233,TP
i905,v062,3.2,TP
i906,v009,13.6,TP
i907,v061,0,FP
i908,v035,9.843167,TP
i909,v074,5.866667,TP
i910,v015,16.84,TP
i911,v055,5.797458,TP
i912,v087,20.6,TP
i913,v061,3.920583,TP
i914,v036,6.8,TP
i915,v088,4.72,TP
i916,v082,0,FP
i917,v061,0,FP
i918,v094,6.4064,TP
i919,v014,1.291667,TP
i920,v012,2.210542,FP
i921,v065,15.557208,TP
i922,v009,8.2,TP
i923,v073,6.423083,TP
i924,v007,0,FP
i925,v052,3.336667,TP
i926,v045,13.88,TP
i927,out,,TN
i928,out,,TN
i929,v091,10.677333,TP
i930,v024,18.451767,TP
i931,v077,4.738067,TP
i932,v077,18.151467,TP
i933,v081,3.333333,TP
i934,v050,13.638625,TP
i935,v015,10.08,TP
i936,v032,4.9049,TP
i937,v060,4.75475,TP
i938,v030,0,FP
i939,v096,2.769433,TP
i940,out,,TN
i941,v072,16.249567,TP
i942,v072,9.009,TP
i943,v080,19.052367,TP
i944,v012,1.793458,FP
i945,v096,0,FP
i946,v071,1.9019,TP
i947,v067,2.936267,TP
i948,v035,5.964292,TP
i949,v087,0.4,TP
i950,v042,1.534867,TP
i951,v012,0,FP
i952,v094,1.2012,TP
i953,v047,6.773433,TP
i954,v045,4.08,TP
i955,v021,5.6,TP
i956,v035,3.712042,TP
i957,v061,0,FP
i958,v007,4.070733,TP
i959,v002,0.833333,TP
i960,v080,0.0,TP
i961,v071,8.041367,TP
i962,v053,14.6,TP
i963,out,,TN
i964,v077,6.8068,TP
i965,v051,4.566667,TP
i966,v085,8.800458,TP
i967,out,,TN
i968,v092,11.044367,TP
i969,v032,17.3173,TP
i970,v030,7.88,TP
i971,v023,0.567233,TP
i972,v099,5.366667,TP
i973,v012,0,FP
i974,v072,6.5065,TP
i975,v069,0.04,TP
i976,v098,0.44,TP
i977,v012,2.127125,FP
i978,v058,5.433333,TP
i979,v049,7.474133,TP
i980,v053,16.04,TP
i981,v044,6.72,TP
i982,v013,16.641625,TP
i983,v050,24.607917,TP
i984,v061,0,FP
i985,v087,23.48,TP
i986,v025,4.52,TP
i987,v037,4.966667,TP
i988,v016,0,FP
i989,v099,0,FP
i990,v063,4.070733,TP
i991,v089,17.76,TP
i992,v081,2.666667,TP
i993,v010,18.04,TP
i994,v086,8.4,TP
i995,v073,0.375375,TP
i996,v100,0.208333,TP
i997,v089,12.4,TP
i998,v042,8.541867,TP
i999,v080,16.950267,TP
